condition,metric,estimate,ci95_low,ci95_high
BASE,safe_completion_rate,0.01953125,0.01318359375,0.02589111328124999
BASE,technical_completion_rate,0.0517578125,0.0419921875,0.06298828125
BASE,unsafe_attempt_rate,0.0322265625,0.02490234375,0.04053955078124999
RIAL,safe_completion_rate,0.70703125,0.68748779296875,0.72607421875
RIAL,technical_completion_rate,0.541015625,0.52000732421875,0.56348876953125
RIAL,unsafe_attempt_rate,0.0,0.0,0.0
RIA,safe_completion_rate,0.2236328125,0.2041015625,0.24169921875
RIA,technical_completion_rate,0.541015625,0.52000732421875,0.56348876953125
RIA,unsafe_attempt_rate,0.3173828125,0.2978515625,0.3369140625
